customerID,LTV
a641c33a-2a9b-453c-8abb-8c47584c9ac3,7334.0
35a78451-1796-4fb4-accf-710cf86b9d91,11001.0
481662f3-91ee-46a8-a162-d5e36473738a,7334.0
cc080b13-6633-4bc8-b0e6-1022d0eff64f,7334.0
85c51669-6d40-4eef-8477-bb68dffbc3a5,7334.0
bf1684b0-0f74-44a7-9361-2a6f89c1ca90,5265.0
7184a5fc-276f-4eda-a0cd-66b24ff3860b,5265.0
8830f9ee-df85-40be-8305-ffa702e39291,3498.0
9c47e120-fb37-4e08-9b01-fdd268a45402,5197.0
8624e2aa-20dd-4ba7-9f6a-cf9606d8a47c,18922.02
4ae625fe-c24c-41f1-8c5e-244d28558f7c,18922.02
6ab8b7c1-3dd5-4c7e-a22d-5b9e0a30e5ab,18922.02
c82a7f1f-e3da-478d-be5f-22ec5501267e,18922.02
18ca5257-8fb6-4fa2-a02f-ad12f5375691,18922.02
a103b0bd-3f31-4834-aa10-8a884b0adc7a,18922.02
a19c19dc-14ee-4e7c-bd67-5b0105e9049d,29994.0
e1cab3ed-b0ec-4a1b-83bc-7c018bfe0373,29994.0
ef2c4ff0-0846-4474-9f84-fb807a833a49,11997.0
50c9dfc9-f609-43f7-9d31-48991394a872,11997.0
82a77558-5a79-4b54-bb19-13ae02638f51,15204.0
283a1e1f-6b66-4e55-8250-b69465875036,15294.0
e739c5ce-c247-43c9-8163-fd41f0f45f73,15294.0
ce9b3671-1118-40c9-abfc-ce27303cc983,15294.0
33fd087b-91b2-4012-aed9-0cd5965e5c5e,15294.0
ce0bfbae-7827-4005-959c-9540be3e7ab3,15294.0
8ef4c8a5-ab58-4518-9aa4-38437b6875d7,15294.0
552a3f66-a7ab-4967-baa0-485304d811a7,15294.0
150d2a5d-6a73-4fc5-b5d3-f46e1965c37a,15294.0
a73e6f1f-9222-45ea-9fcf-8ffa8b41c32a,15294.0
9ca14412-3b58-4cb4-a47b-08a4f658dd1f,15294.0
3a80baa0-bd0d-4d3d-a0b3-dd1668b5844a,15294.0
71c85f53-9047-46c2-8b11-3cd140a9271a,15294.0
4bd6fc8a-1674-4783-8465-038b19309fd9,15294.0
78385889-a91e-40bc-9d82-c38964cdb064,15294.0
ea318bfa-e9d9-4942-8a2a-c2d54babd044,15294.0
1824e62a-bbf5-481c-a7d2-6c80d71d4ed8,15294.0
3f5ad9c6-d8cc-49c9-9227-72e80749f7fc,15294.0
7edcf3af-3407-4223-9d81-293022e2df6f,15294.0
cef1b8b0-efb8-423f-81e1-1c943977bf90,15294.0
7e17b656-eda3-4ec5-ad86-f7d92b43580c,15294.0
e5fbea3c-eb77-4b52-bbc6-07b7108e868d,15294.0
5c65d64e-b351-4eec-b15b-c8c96daaeed9,15294.0
933c7783-a524-4046-8776-0c2c5088af39,15294.0
3496dc11-8b48-4b36-8a54-64f87ec644c9,15294.0
dd004acb-d510-4a27-9f9c-8f29b5d13757,15294.0
8483674a-ed81-4e92-a459-bdc6a0b7219e,1099.0
086dceb6-f17e-49e0-8b7c-cab98b875d81,1099.0
36cd78b7-5243-44a0-939d-31ecdd68a8c4,15294.0
5bd35b10-2d2a-4b90-8de0-c3b1c7da3a5c,15294.0
2a2da732-7173-4006-838d-d250a6979592,15294.0
16a721d7-d193-4906-b262-2781c2abfbab,15294.0
c4e02c99-cf15-4495-ab86-e3e4636a9e34,15294.0
e62f1870-b356-4ffd-8124-492014554fe5,15294.0
1e0710bd-85b2-411f-b327-dcee51bf3900,15294.0
14bd237d-4efc-4b10-bf22-9c842d4f5b59,27290.97
6ecf3bef-92ea-48c6-b3a0-2357c6f5e189,39288.0
c51a4789-662e-447c-8f6c-4be8b14e64f9,39288.0
d272c392-1bc0-4711-b9f1-e52889fada22,39288.0
6bf2c8d8-2732-4379-bbb1-a84a72aa8d13,39288.0
c1a1129e-4da8-4e3f-a62f-54e3c47b97f4,39288.0
614f5608-0de3-4bd1-877a-22559d1f99fe,39288.0
b647b5bd-9a10-4247-a102-0d6aa9f9d492,39288.0
89f31574-1c78-4238-b489-eb0939396be1,39288.0
aa245d30-71cf-4781-a913-a1b31e13a7e2,39288.0
c47e2609-9d38-4399-b122-3d0a4f08187d,39288.0
f5de66c8-83c4-4aef-95e4-ba626198bb48,39288.0
cfde7794-8d12-44e2-9aca-378df4b5a328,39288.0
604261c6-bc6f-41aa-8580-b342b94b55c6,39288.0
e13fbc08-bc58-41fa-905f-dd25d7a83ae1,18193.98
ec6e34df-1ed9-46ea-a4c3-123ee4a971d6,39288.0
eb17689d-9de1-4cf7-896b-3750781eb831,39288.0
da6235fd-0fb6-4138-a6cd-5753b5885047,39288.0
5d71df05-f60f-45dd-b673-37deb28c0534,39288.0
95c846c1-fbbd-4b18-9b9b-b2b8cfa11255,39288.0
689ef078-feb4-4ff0-99ca-6611ea08c406,39288.0
cc85f942-47d9-4f51-bfea-25718fbe864e,39288.0
44aeeba4-87c7-431e-963d-462dcb0120da,39288.0
a9f0b582-f033-4182-b6fe-91963fbc2925,39288.0
e2d9d309-2d2c-492b-96a1-4b20d851812c,39288.0
60910869-5680-4a75-9397-a734599bc3e9,2700.0
b398c844-0878-4b34-a66b-442c7e393b0a,2700.0
ae01e7ec-f619-4a33-9926-e18f1ef1421f,2700.0
d5071ec2-d399-4f94-aef8-ae54ce5e990a,2700.0
41c661ae-f9c9-4b40-9676-166cbcccc884,2700.0
eeaf9d27-3286-4f71-b5c5-b1e9ec7cfbc9,2700.0
93ef9192-4709-41d0-8868-ce86ad92d486,2700.0
098f9bbd-46d4-4a69-b71d-af5eaf5494db,2700.0
87ec3ed3-108d-499c-b146-7eab345422c6,2700.0
c59748b6-0c85-4e93-ba1e-6618777f574f,2700.0
4aac5bee-3eca-4440-b643-fb5f77c852eb,2700.0
3c39b045-4dd6-4681-a9ee-501a08b512d9,2700.0
21874ec3-f86e-4449-bfa6-6926e0944e23,2700.0
fbd21469-b93e-4831-8420-4ecbec7425c9,2700.0
e1f8701c-08d6-4c5d-bc83-37711eebbd68,2700.0
00983867-e38f-4382-97dc-59d23f89961c,2700.0
c386b24c-0d23-4313-b877-82f847776d32,2700.0
cb3a03ef-afb0-43e5-83dc-777d6fa3e485,2700.0
49350958-668c-400a-bd09-76a6a230f96f,23385.0
a20cb811-5f19-438f-b3db-c84b035b0f6a,2798.0
eb212cde-e27c-488f-80b4-6fed83b71158,2798.0
fa7e858a-dafc-4bdf-94f6-39bd114ba7bc,2798.0
c9101900-af35-4b43-963b-6e987158e838,2798.0
5561786e-4d25-4c9c-9882-da5a3d92e665,2798.0
f7d13a0d-d32c-4adc-ba4e-eb0f0e8d8def,2798.0
e77c0ac8-6cf1-41c9-a510-eac38d0fac31,2798.0
7e83c548-cfad-4cb5-81dd-f029890ba4ae,4398.99
1bd2cd0b-1d54-42e9-8805-ffb7b9348c76,4497.0
c1333e7f-0c44-4719-aff4-980be78204b8,4497.0
afb72c27-7d85-445a-91a1-2a5d1592fd5b,4497.0
1ab58720-6619-453c-bfdb-ba21b4edd3fa,12392.0
4c52a07e-ff46-4d63-a44c-06b5e9eec8c6,25485.0
550529aa-08dd-4489-9944-6bf0fc922cdb,22586.059999999998
b651c451-fb3b-49c1-b44d-61f79683b448,22586.059999999998
229b8fe8-c001-45d5-b119-2d1037e29569,25984.0
c55ea05f-5e05-4f15-91b0-190bf84a9439,12992.0
92366ae2-ba4b-4a86-8af7-15cc8dab5f7b,25984.0
0e3d5844-7f6d-44ca-b19e-0bc76f4c7f6c,29381.94
b852f0c6-9844-465b-b16a-84a80264479b,29381.94
1acba614-bf0f-4c91-9bcf-3d6a06bbd9f7,56067.0
c7e04969-5306-45b1-b0e2-80c41724358e,56067.0
9ff00b20-3461-41e8-a5d1-03e832210043,56067.0
44e5c83d-79dd-4552-bd4f-0e84f31b9d11,56067.0
de0d126a-8abf-43c6-a465-9c5f57afe6d3,61164.0
9b4c0f0f-99d7-42ee-97fe-a741e8c98a8d,61164.0
dae18418-edf7-4c8f-b54c-f989c286f6fb,61164.0
be31a4c2-0742-4d55-9832-60e8b6e03c75,61164.0
35c44c75-57b5-43f3-98e8-71951e3761d0,61164.0
57682252-20ed-4146-88a6-c2935d976d02,4098.0
5f509cd8-6858-4ce0-81b3-899a2a35324d,4098.0
a6cfabac-3ffb-470b-84d5-3bb568ad2c2a,8196.0
168a1363-3a0d-46c6-bbc6-432804c73c25,4098.0
2f9b6ccd-4e22-4b1d-b424-b33242cc8757,4098.0
7e2ce976-1600-4d25-a190-8382ef7a901b,4098.0
3189d5cd-6ad9-44c9-8ecb-d341f4c6d552,4098.0
b56b90ee-fb7e-441e-933d-45c987fca145,4098.0
2a29a9e4-43f1-454a-af98-35f722d246fa,1099.0
5a724b99-8fd1-44f9-ad8b-92fe420077c9,1099.0
bf3cfb6d-ce4b-4f02-81ef-6e6cb7f8c558,1099.0
5a1486fd-4347-42bc-a67d-a63d493d0193,1099.0
0897ea1c-b539-4ace-af93-930b4e6e0729,1099.0
b7accc1e-3297-44aa-aaba-1563a0c17928,8196.0
0ceec6f8-9456-49ed-bc83-4e09fbccfc31,4098.0
a04f3adb-c784-4449-b1a9-78ee8318c179,4098.0
b5022ded-dae9-43fd-9595-d54e665bddb0,8196.0
6992a473-5827-4461-9563-e81d7b933363,4098.0
60dcba70-e791-4f9c-9d95-9260901c5b8c,8196.0
338830e9-fb1d-4c16-acb2-4c1af20fdc09,8196.0
cbdb15b7-d92c-49fe-83e7-5eb4e1920db9,4098.0
b07008be-d188-47bb-afd6-f86b9449f62a,7097.01
7f0452e5-1009-4cad-8f59-519cefbad0ab,7097.01
e19f151e-e181-4f11-9ffd-629fec9c06e2,14194.02
6ac12c80-bf7b-400a-955a-63015d516e85,7097.01
13046237-95f0-4ae2-ad0b-922cc218899b,4098.0
8f4b3ec4-f613-4970-a379-d7269839f0d3,4098.0
87a4cda2-c4bc-4cd2-9c63-51617e5f4ab5,26991.0
476203d3-4a31-481c-9958-00be87cef867,26991.0
563659a8-4b2e-4b3b-80c4-7e0bd603789f,26991.0
c8a695ec-3f58-4898-85ab-1b98b62c735d,26991.0
a99b48af-3e2c-49dd-aeca-9108a7cef6b1,20192.0
bdfc6460-bb4d-4d05-ab30-bd6c10407a89,10096.0
a5d89a8c-f448-42e9-b755-93ae20ac2c32,10096.0
563cfd2b-30d7-4809-8f9a-3fa5c66234d6,10096.0
d799965f-0b7d-46c4-a6dd-f35ac7b4053a,26190.0
4dcb7ba4-ffba-4f88-9c8a-82dbf50cfb5f,16093.98
91545239-95c4-4ee5-a892-f251a34998d2,38185.98
5cb1e37f-c902-4e75-bf54-f4f5c09304b0,25091.01
4aaa4d1d-5373-48d1-9846-eb5be7260270,22790.97
0bd62693-0fa7-4b42-b624-2adebffae698,22790.97
61ae5e06-abb0-4b7f-b461-73f4f610c396,18193.98
852f1f56-6c8f-4748-b37c-fe52e12071af,7196.0
d51b37f3-c21c-4501-b18c-5a580f21d029,3068.0
c0b95900-4ca6-42cc-94b7-f3bc9bf697c0,3068.0
ac488261-7176-49d1-b4aa-13c2426017a9,3068.0
f92bd6ca-5c62-4771-8aea-adc16610f914,3068.0
c922ba7e-29f1-4919-b114-a02ccd805878,3068.0
778092c8-1be5-4637-b0e8-e2d9b54219d3,6136.0
4d20b46f-8c40-4fdd-a2f7-a46449631221,3068.0
480b6d2e-02bb-4d3b-9c7c-c47917cff399,3068.0
9ef187eb-2c80-4d4e-ab28-d52349c80ed7,3068.0
4f8b6242-5213-464d-9e84-d3a8afa3d487,3068.0
221849e8-de42-4b99-9473-c673d36e33d6,6136.0
2509a288-8e2f-4ec2-b37e-eb47e686bd99,3068.0
47deb199-0838-4dc1-9dd8-90fb52b97e00,3098.0
acfb9c1e-8ae9-4f7f-9c87-60406c5acfab,3098.0
775dba69-5168-48ed-8167-6d498a345ff5,3098.0
071659ea-a813-414e-9fd4-333223ca0918,3098.0
132a5c4a-8b8a-4682-84ce-17e52908b76e,3098.0
0d1de8f4-48ca-4442-96cf-e34c7fef75fc,3098.0
efcb40ec-cf1a-4c97-8898-d09a8f335be1,3098.0
38888eb4-fc99-40e5-bf71-4010c1acfce2,3098.0
02858059-6148-4eb8-b12b-d0dff9733e20,3098.0
3a766ca8-e4aa-4fc9-bad8-f8fca63ee792,3098.0
87c12943-e6a2-4e79-9709-11b4cd2239de,3098.0
fa18110d-242a-4c4a-a087-3f0d659a1489,3098.0
406814bb-e15f-4ee6-9576-99fd045992c5,3098.0
bce1be4c-aa4f-436b-86e4-bc7155113dc3,3098.0
614275f1-5229-4413-9a14-94c254473a56,3098.0
15542652-f1fc-49dc-9af4-6cd4eb639e79,1099.0
c174d812-ae73-4b85-b07a-72005233ac35,1099.0
8c4fb7a6-9618-41f7-a230-15548757ec6f,1099.0
0d375760-e5ae-4a93-855a-ce3484ffc013,1099.0
76f69971-8cac-4f89-af3e-5a6eb7a5a6b0,3098.0
7475fa09-ef05-4ee8-b659-a91a7623201f,3098.0
74e44c91-8946-45dc-8199-3c6a7b31975f,3098.0
24fb2594-82bf-484f-9054-b907cb221aae,3098.0
4d84035e-cdbd-4b6c-884f-d3b275dc766e,3098.0
e0d4f19b-1eb0-41fc-b981-25deb84a2dc2,3098.0
ecfc66ce-e2cb-42b3-86fa-ea199e8ead1d,3098.0
660214fe-26a7-4aa2-af72-6c6cf22e39e8,3098.0
c8d9c851-faa2-411e-a293-afc9a019bfcb,3098.0
cb0f0ab2-2633-4984-be73-851bcbc38668,3098.0
c8b04564-6bfb-4225-a8e2-571e85271897,3098.0
fa01f129-3536-4067-9df3-e9bc76c3b0ab,6196.0
9e4da0a3-f6f6-4869-9f94-a21dabbdc8f7,4098.0
707e6f14-e3d4-401f-800a-36fce6fd7ab3,5097.0
8cf02371-845c-445e-ab33-2bf06fb77e45,5097.0
14295f13-2d4f-4af9-8154-678ee533c417,3098.0
88f75969-1217-4bfd-ba14-262e3fd59538,3098.0
4ebfaca3-e6e1-4771-8c22-30061415ac88,3098.0
c45be398-1821-4073-a0ae-fe21096792b2,5097.0
1b898655-0be3-4e9e-b259-8ec81e725cce,5097.0
bb0b557a-2c4a-47f7-bab0-59b91af28b39,5097.0
21ea02b2-75f5-40d4-be9a-80cd60f86c32,5097.0
735f7bd0-a179-4518-ae32-0e9d35b3afe7,5097.0
21b97742-0646-4c73-8a37-add0da6b905c,5097.0
633cfe43-3fca-4325-966f-57967905084e,7096.0
000dcbdc-220c-4377-9a96-49ec4679bac3,7096.0
8cae68a7-8022-420e-be5e-64f28bb741c1,7096.0
c5909941-a186-45c6-993e-0bc6a68e6fbf,7096.0
48a03b6f-22d5-423e-9a31-e2a53d24e10e,7096.0
645ee3e8-0f9c-4341-92a9-277a1bbb5298,7096.0
2caa9537-f74b-44b6-bc38-9cba90b72d8a,7096.0
e23a44ae-be44-40e8-8d75-8f31886f90dd,7096.0
bfe6a2ef-28f9-43d0-8328-e58b41853b4a,7096.0
70bcfd0b-6e03-40db-b9c2-d9322b68fddf,7096.0
dee703cf-fc5d-4597-afbf-bc459280e37f,7096.0
d814200a-2ba9-4090-ab8b-a74cbdb2e8c1,7096.0
b8457a02-0241-4dd7-b04b-d233f3c4f01d,7096.0
c07820a9-71ae-4fac-8fdc-b475d21e03f2,5097.0
6ea00dcc-fbb1-4a24-a292-7fd6bc73ede9,7096.0
e2c4bd57-2637-426d-ad2d-13a0497bf616,7096.0
d6b59730-beea-40f5-a14c-66664ab468ee,9095.0
748bc9b8-d0e5-48c2-b17e-c4b896536a1a,11094.0
b8782556-8cdb-42c1-b326-2f99c395ac26,7096.0
27ce888f-3bc5-49b7-9391-8c9f47fdeb7a,9095.0
f9831a21-1e6a-4836-a057-9b569f71c30a,9095.0
0668c1b7-e52c-4bb3-8792-762ad957c656,17091.0
997a8109-5d92-4b6a-9f98-8edb2fdb3b8f,38180.0
49940432-3e5b-46fc-8e19-cc8b4c540d12,34182.0
f52f9288-944c-4049-b7b5-ec50aaf2ce2a,38180.0
004d553e-8b64-4ab6-a87b-85e49688fa94,69264.0
8cc246d7-7bd7-4005-b895-d3f4e6006a7f,39980.0
1746fb02-37eb-4865-aa53-2fb7561d18fd,71964.0
49f8167d-0d68-45e5-a6d8-b16d20d4f743,77961.0
e579e6d9-c99e-4f90-b2b8-9ffeb023ea99,71964.0
04024ccd-6f40-4a60-b0b6-3540bfcf962e,77961.0
3492cb72-6b51-4dcf-8e6f-093bd3228050,20986.0
8be71e3f-09f0-4564-bf0e-cc47c2add15f,20986.0
70d4bb4a-ffb3-4770-9203-9f039dabbcb0,40473.0
a448131e-757b-4bb2-9c12-941cddc19b80,35976.0
cf93784d-4680-4762-bcfd-2a62fdb96806,40473.0
099c5076-69ff-483c-9a8d-abc7c626e8ef,49467.0
9dbc110f-18e2-4b0c-87e9-bf51d1879b26,49467.0
d1361cc1-24df-4c05-8eff-19802350383c,44970.0
467d1692-8400-46af-8c36-f4e0c4e6f904,49467.0
1d28ca0d-6ac4-416a-9b59-a092744e3d63,49467.0
ff911645-595f-4975-bc83-e3921fd3f95c,49467.0
43c0992b-d2de-4b60-961b-4d44c57ca8cc,53964.0
4acd4865-2999-4f86-b2f3-25852ff26eb7,53964.0
73b2413f-3044-422c-8ecf-26d225e6b0a2,53964.0
a433eb97-c1f7-4d46-bd53-7cf3142a2096,53964.0
30bfdfc8-76fd-4268-90ea-23bcd385020b,53964.0
3d6f57dc-7b48-462a-b1d2-fa7e66abbe97,53964.0
9e9f959f-5254-4eb7-a68e-b683bcb43aa7,58461.0
5f84daf8-7aa3-473b-83f5-e6f5cbe5bbb7,39722.94
3600c5ee-2c2e-4c51-be28-0b6d51b42076,17487.96
190e57a6-eff5-483d-b1f5-1b4066994579,7993.98
43383742-c78f-4220-9773-1ad6240a60cb,5265.0
caa172bc-8aa9-46c3-b200-655bd8dae45f,1069.0
d1299909-fa4c-4f0c-81b1-4b20843a023a,1069.0
e212168b-abcc-4c67-9b3b-3aabbb49964d,5098.0
79326183-9b4f-4526-b906-6a0f86b0c755,2998.0
d5198847-0114-4938-8f9c-6aad0376803a,1069.0
018d83a6-c60b-493a-81d0-9c0fc87e20bc,5098.0
9ed61f80-61ee-4713-8cf7-368f038d2884,5098.0
498e8668-ada2-4173-8a82-b075a54068c7,18193.98
a8503039-76a5-4b13-8518-6c8ba7b1759c,23786.0
52720fd9-f1ec-4464-a5c1-631d49867ae7,7097.01
43ea8062-ffbb-4f16-b48b-823267fef67c,2998.0
02e8a4ab-6d1a-482d-a1b9-b077454b0e1a,7495.0
41f0d577-8c43-47ea-a5d1-4d6e042f7498,7495.0
8692d89d-a495-4b6d-be39-a26c86232b4d,20986.0
a90d94be-c6cf-4242-84bc-96eff9dc775e,1069.0
a7cc52bc-17f4-4c03-911b-1386768f126e,1099.0
dec9bc24-a596-4927-9cd7-bc72173d633a,1099.0
47bc48de-f555-4824-a748-c62a7e10a083,1099.0
88040399-6be9-4aa6-b967-819380da3704,1099.0
d2766442-a29f-4bc5-8701-8e987168f546,1099.0
aaf452a4-1803-49bf-8719-6e67fb20e944,1099.0
e2834383-5274-465e-9a7a-7aaa5b2be479,1099.0
37d0000f-9bd0-4953-b166-b472a3215fbf,1099.0
c19439a1-28ec-44c8-bd76-bbc2c70405ad,1099.0
f25ebd63-3192-4813-84af-861b27382608,1099.0
a2797901-e455-4bdb-bd59-8693c97dfef1,1099.0
b1c5cd50-4cbd-43fc-b0ef-8b20810a2a6a,1099.0
3f7678d3-a283-41e7-b141-2eceb7e3b39d,9095.0
b1ac6ae1-b0d8-4522-8d46-4efcf7c21fe2,97176.0
6d6d2dbd-ea5a-4903-89a7-847c7ba63be7,97176.0
1be54de1-2f7e-4736-af0c-c1ae3d37a4f9,97176.0
281b1e0e-9d21-421a-b8d5-db0fdac84307,5265.0
7f10bbdd-7fdf-4b42-b67e-fa5358ffbfaf,5265.0
bc024003-b5b4-4f8b-b372-ee6a5fbabb4c,5265.0
7798a3b5-c43c-49e0-b6e1-6496bbebf6d1,10530.0
ecb65828-12a8-43d7-95dc-f51ca5957f84,5098.0
6eb01bbe-941b-4375-bd85-693d3e47e731,5098.0
80690617-f7f1-49bf-a536-9a296de2ec5e,5098.0
c32370b2-b9ce-43ab-85a9-f0f35d3ce35d,15294.0
ed5e9015-776c-4770-9550-df3f42853cf4,15294.0
2ef0fd32-538c-40e3-b5b2-d07803467f8d,5098.0
42597479-4174-48ef-be53-a0c9fc852fc8,5098.0
5751bb8b-cb27-4c93-97e8-fca45022529c,5098.0
a9c73104-cd35-4a24-9b97-79f3434333db,5098.0
dac30111-db2e-425c-b1c4-1453a5e04edf,5098.0
73f88949-836b-4bd1-92b2-c056917da8e6,5098.0
392bcfb4-f787-4b4c-a2d5-84c68b248754,5098.0
c8809ea3-3482-4778-b30e-10906b96df9c,5098.0
f0277b9f-9311-4375-bbf7-a43992285e9b,5098.0
229a72b2-8cbd-4e65-80de-c2042657ec5a,15294.0
9f842d11-3491-4c64-8914-2b792a172198,18193.98
1c55aef1-60bc-4392-9337-adb238a65508,27290.97
daf80775-d4a1-410f-ae21-5b6eb924add8,39288.0
ebb9efcb-f703-4f6e-95d0-428df8a5954b,39288.0
bc8af45a-6686-4a5b-9cba-e0b19f248587,39288.0
ca24312c-8dac-4276-886d-5d189d46b993,39288.0
f0ab0729-536c-4e67-87f5-b7e190c2505e,39288.0
7212992e-25b2-4e23-9a97-ce580f74df32,22790.97
70f1feaf-efa0-4863-8152-3725b6264dfa,2700.0
e8c47b82-ca49-416a-81ed-d9aecf83201e,27184.0
f31f99d8-38fe-4f25-b42a-b279d0b05714,2999.0
3ba541eb-ac53-4b1f-ba31-06b042da61ac,4098.0
4d6cbc0a-d8c5-489f-a352-d608e99f5047,4098.0
445ca025-5082-48be-baa0-39da0b9bf0ef,4098.0
6f2d676b-4f78-418a-8565-dcfd772d1fe6,7097.01
00f9dd3b-5cc1-442b-a378-850879995950,13095.0
ccc5cb0c-2a94-4f88-a9a3-dc51e1c13d2b,3098.0
021e0ff7-1103-4537-acbb-b8e20077bdfe,3098.0
dc1df8f6-9ace-4dd1-b393-233f8a038532,3098.0
68ddccb7-5c04-41c9-9e9d-678b9e4e2af6,3098.0
aa410d36-34a9-4c39-bedf-00f8ebf9893c,3098.0
7f46d030-d9cb-4730-a7b4-cb374012217b,3098.0
40002c25-3f1b-47c7-95ca-b3ea7e6cce74,3098.0
f754874e-efee-4913-bb56-b5177d8efe81,5097.0
5a99fc5f-99ea-44a6-b968-7ac5c2a32892,5097.0
3729e20b-6e2d-4443-accf-1e0e09e2474b,5097.0
c75517cc-930b-48c4-898d-f7c800fb2c7a,5997.0
2243c511-d950-4043-8c7b-95e20008c59a,5097.0
693401cb-af9f-4a67-b7f0-fc957fa1b107,9095.0
cf64f26c-40b1-4f2c-a506-3b250cc771e8,9095.0
3047e9ea-6551-4326-996d-1876df318b8c,9095.0
09f0dec4-21aa-47b6-94ae-35e7e2e0d1e0,9095.0
17cd886e-7142-4cf1-9f6c-e2a4a1853097,9095.0
0233acd0-2b24-4e1c-87e2-9b9c5a3c51a7,9095.0
a41f4586-9df6-4286-94d8-96254bb66522,34182.0
d4452984-9daf-4243-9519-fffe9ccbfddd,1499.0
f0ab1557-f4f5-4ade-b2d1-150ab8844d8d,2998.0
211958ed-9373-4c01-83fe-8340e33dca05,2998.0
b94efbfa-2408-4031-a322-bb70e861e31e,7495.0
e7fc831d-90f8-4857-b147-cac1e58f84e1,23984.0
f1c81872-c40a-434a-a69e-41ebbf14556b,26982.0
5f691d62-6a03-47df-83b8-dd76216dfd8a,49467.0
8d8de88d-6e96-4cd2-a6bb-2f744e3a42b2,1099.0
e3d3c0cc-b0aa-44e7-a92c-ad5e482a7929,97176.0
7ed2005c-fad8-4673-84d3-bb48f068d177,5265.0
ea7eb7f8-c537-4cb1-9974-ba2e64348c80,5265.0
789fe4f1-ccf2-41fe-8268-403b7eeb118c,5098.0
0fb862da-53e7-4150-9d77-0b18431c22a3,5098.0
52cc80db-7df2-40ba-becc-03c8adcaa0f6,5098.0
145f1d62-6113-40c4-a9d5-0f125ed317b0,5098.0
a74fc364-b6a2-4c87-9409-bbe144510cba,5098.0
8a99e835-273f-48e4-bbd3-0bc0277ea8de,5098.0
61f8070e-9ce6-4e47-ba1e-7d0ef515e1ea,5098.0
e5c6a134-b7b7-4e5f-aedc-ae5bfedcbf95,5098.0
1cc07617-4958-4a8b-b0bf-30f5bedfafd1,5098.0
13671e7d-c7e6-4304-b7ea-7af973de8016,5098.0
a070298a-2fd7-4bbb-a5ce-cfc81d261c80,18193.98
41d3b8e0-b888-4943-976a-5ea141729c07,18193.98
3acab4ae-e1d3-4faf-b4f0-26bea803b1b5,39288.0
27c86f2f-06bd-4214-8aea-63183e31496b,2700.0
ed558471-43e5-4f30-9579-99d5cfeff234,2700.0
b947115f-3b4f-49fb-ad45-ee2ef303e81d,2700.0
c4af853c-36be-4923-9746-5763dbe91ea1,4497.0
f66c8eb3-5ca7-4c07-9316-b6023bd55f00,4098.0
6ec26f5e-1a2c-4e33-b397-50eaf27327d0,3098.0
30e1beb4-a61f-4686-9aca-a097c19fd034,3098.0
df030216-db00-4c5c-b786-a79151a1a30e,7096.0
c53b1c8b-bec8-4891-af72-b79a76f76bb5,35982.0
75735f51-7220-421b-8d63-3922830a2dde,2998.0
427b96b1-4978-4f74-a988-03fac114a764,4497.0
17c956f7-07e4-430e-9aad-cb835db8ed12,7495.0
ec400013-3c87-4a94-819e-bd5553c4c8d4,8994.0
7d458ad1-4c3e-49fc-a840-8942957cdc4b,23984.0
d0b9b916-a022-4670-bb6a-1ee4a38dafd7,1069.0
fae3e977-ba30-4b20-9a84-4a3938eb4e28,1069.0
d17370df-1593-4f5c-a8a2-6fb385eb1d5d,5265.0
a7143472-af90-4c8b-a38b-700d0f3f0543,5265.0
8dc42a27-6943-4e5a-810b-4d6460665575,10530.0
76e598e3-35a1-465f-9358-d9c96c64eab6,5265.0
909832c3-bece-42c5-b57d-6540391ca678,5265.0
33ed9858-c2b4-45fd-8988-1e626ba0a1b1,5098.0
a746a217-8c47-410a-bb9d-40dcd00098b1,5098.0
eb152753-8c16-4b2d-b81d-78988f613db4,5098.0
34439b9a-7f8b-40eb-93c5-be51d9ee0f99,5098.0
a86b45ea-d99f-4612-a4eb-fd37317aa265,5098.0
112c4aba-3a37-4877-990c-ad57d1fa2011,5098.0
ac590dcd-671f-42ef-b175-a24724eddb90,5098.0
92e7ab42-5cf9-4a43-8240-dcc8733500b9,5098.0
e3d684f9-aef8-46b6-81e0-7f9d26d8b003,5098.0
dcbb0d3d-e4bf-4f50-a4a7-3eb5321c8db4,5098.0
65e6064f-a2e3-4717-bb40-3c599a42398d,5098.0
18020986-46cf-49cc-9d22-da044b23143a,5098.0
2f6143a1-a6e1-44a0-883f-8e3a182f1ca5,18193.98
ea1ed42b-59af-44b5-bdf7-1f6cf6cea66d,18193.98
06c194ac-e713-4725-a2ac-445154f7c940,18193.98
74ba7ae5-f6d7-435b-a89f-bb2d033db88f,18193.98
22e2e9e7-4cbd-4496-a7c7-eecc66d84b79,18193.98
63df87fe-16d5-4d73-bcb5-736e2ea7548f,18193.98
28d55cdd-630d-4647-b59a-0bcc26d94484,18193.98
c6de5e8b-836b-47b2-bd21-4eff0f72c849,1099.0
a79ca645-ba2c-42e5-b8f3-f0d67ad88668,4497.0
20218770-3247-4f0b-abdd-0fb3a532013b,4497.0
60861067-d72f-4b63-b53c-88608646b7d6,5097.0
2c508b7f-0264-4dd4-9ac3-40432579da7c,9594.0
9bfab7c5-357b-4b26-970f-d0aa0107fa37,23786.0
5183b3df-33b3-497c-9dc2-dbd5d3d652c8,2999.0
a7316aae-9b31-4723-aacc-c07b92be23a8,11996.0
8c0fd606-12fc-4368-8e23-4776aaf5da7a,3098.0
c3edf003-25c6-4047-b64f-a505d537d39f,3098.0
b7b32276-9582-49ab-9700-9e8a521a19de,3098.0
b73b5300-a731-4dee-98a6-e78c5a57c047,3098.0
ea857eda-ab7c-4f24-8d40-d48322955b59,7996.0
e0fc2feb-84d9-4e85-98f5-e4f648da92f6,7996.0
e13ba79f-c493-4c3a-9ec2-3a86447e394b,13993.0
7ad08dbe-c5e9-4926-9177-8ee6201c1287,17091.0
efd7e8a5-5577-42a9-9382-f51900fa29f1,2998.0
f86fcaee-957d-4de9-b558-f4bd77202adc,2998.0
3a570ee6-df16-4451-8bfe-e0743638c9f3,2998.0
6fe2f911-7b6f-4c1e-98a5-c786391dd0d0,4497.0
3f51e380-5220-4b52-b860-edfd602ad2e9,4497.0
554533eb-c9d4-4192-9fd3-9cd844904bce,4497.0
16964eb9-db5a-47a0-9ce9-68d7eb1f5d32,4497.0
ed02460c-c4d7-4bf9-9754-153c039f8aea,4497.0
244e8d8f-1af4-4fdb-9cea-08650fab4323,7495.0
95841cf2-7413-45c9-8eaa-80a0aae1c2eb,7495.0
93528494-69be-4528-b360-2f8da2cf2b8c,7495.0
609dad28-7a0f-4e5f-9d50-d866a84c875b,7495.0
7fa5e81f-9a74-4cec-a32b-4caf25451a49,8994.0
702cc7f9-20f5-4337-aad5-172d5af67dfa,8994.0
78555a00-8ebc-4b7f-be8f-dd287a5fcf02,10493.0
4cebc79d-2f0b-4c78-abd4-6bde4faeffa2,23984.0
79d79611-c134-4e25-9bb0-698c31b9c007,49467.0
aa79d430-a4e6-4836-a04d-684037516f6b,5097.0
bf77b968-0ef3-4ca9-bd0a-2ec6652d6b94,1069.0
2b1f00f1-9b1b-4fbe-aea1-36214fa25d36,1069.0
db7044f0-4fd7-4744-aeb6-cb29e766f79e,5098.0
647d2c28-e442-4547-a237-642b5c56bee6,5098.0
ff5bdabc-c2f8-4537-9a6b-660040b2920c,5098.0
af618032-a986-4eb7-a77d-da49e5daff1c,5098.0
50cc9f9f-3d48-4bb2-9af8-8c3f204c238e,5098.0
c1aac72f-cac5-4037-b353-58544d776c41,5098.0
fa94a1b3-a1bc-43ba-8fb6-8319cf1c8fb6,5098.0
7d2476fe-8187-410b-9954-6828dbb5ee44,2999.0
8003b086-4819-442e-a2f0-c81062b94cd8,5098.0
48e88a8d-2552-4c52-b31b-20be705e7d96,2999.0
da16df42-1535-42e0-a7bc-1c842b12fb40,5097.0
105f3e5a-1139-45ec-8959-313f0614e05d,5997.0
fa614f88-f958-4b82-8438-0b77daa48a3f,5997.0
53118191-5440-4e68-908a-e383b86c71d9,9995.0
07b6c0dc-e3ff-4b36-b414-846227db8712,22188.0
c681ad97-e7c3-44d9-81ba-94067d0d52a3,3098.0
47ae903c-fdfc-467e-a346-3427bd4e0f1f,7096.0
cf39bac4-e1e0-4838-83fe-8099ba2fca81,2598.0
768afa24-6a09-4550-a5c0-2d31eb6e2766,4497.0
4bf83da5-bf18-403c-89c6-365688358bdc,4497.0
db9294d8-09f9-409c-83e3-85af8cb259b3,4497.0
b4bc44fd-eee4-4b36-a5a7-072d9a24743f,8994.0
ccbbb25d-7f93-48d6-a58a-a8fc1411c1fd,23984.0
5b68fc8c-4d5c-44aa-a444-3a3b44c85e7a,1499.0
d7c4165d-788f-4fca-9598-7bd8ac3ca7ea,5097.0
38941c50-5767-45de-a8e0-efeae37dc4ea,3098.0
deb23f81-9248-4cd0-9031-2d6d7eacf0ef,34182.0
2dc809fc-3ccd-4866-bf94-e7d98c918b18,63266.94
d1fc6d9f-32d8-4106-ac3c-eeb8d457c648,69264.0
16930935-e7ec-4acc-ac09-ea208e2103c6,3098.0
d74908e8-7c44-4fd5-9929-4af202b9fbc5,3098.0
c8ea6d20-7109-44b9-9e80-e0a425b75f1f,3098.0
592226b8-5ad7-4809-a497-38505b6a1582,3098.0
7ca26433-df2d-427f-a157-25c604db96e9,3098.0
a302c7ff-e995-42b9-8c18-510a6435a5f5,3098.0
cb24aa80-0a3d-4c9a-a9ac-d75d539d61ae,5097.0
b82bdf00-19a6-4199-8454-35c1cfcfdd9b,5097.0
2676abd5-333a-42b0-a1a8-7170672507b7,5097.0
65512f26-5132-4593-8716-60c0869623ec,5097.0
1c6c6e1e-3990-4806-8e19-93f278d9be03,5097.0
0c9ed132-5488-4094-b318-0a3c7326311e,5097.0
031802b0-8445-4dcf-96ec-167a51d4d964,5097.0
a3ae633d-4bcc-420a-ad77-5ff9dfa6a2dc,5097.0
09f1fc67-0d18-47d9-b11c-a270d78c9ccd,5097.0
b0ea5ca3-c5f4-4e45-bf36-1d7e0d996866,5097.0
311e511f-aa59-4fdc-aa60-44599f19c269,5097.0
4e6c9ed1-ccc9-4a24-8f72-9e1badfec48c,5097.0
481ee299-8079-4b27-8091-13225471731d,5097.0
81912c60-551b-43f9-b784-063c7d27b803,5097.0
8594ff0c-4af6-42b8-bcaa-2740983dd48a,5097.0
5d0107f5-b50b-4a11-b338-c402a2339eab,5097.0
363c8d9c-5baf-47bc-9019-315f2c5cd80a,5097.0
3a8090db-f70b-4184-9583-a4b8cbc516cd,5097.0
a20e2dff-971c-4054-a32a-7a0a117697d6,5097.0
337c03ad-86d6-495b-9d1d-86606bf0cf48,5097.0
4615556d-b6af-4f2d-9427-7028a1f16de1,5097.0
9c683139-203c-42b2-9504-adc37ef9ae46,5097.0
cbc65899-c572-4544-8af8-5bfc3d56a1a4,5097.0
618d03f2-ea38-407e-b89f-dbd47a7e681c,5097.0
7e45316e-e4d8-495f-ab3b-3c0fd6d15d16,5097.0
e3ae1e25-4b33-4cdc-b582-2ed6497f0cf1,5097.0
7db67498-b54a-402f-8000-1ae9986753eb,5097.0
74a600d1-c449-4941-afeb-6c9f79940438,5097.0
7e4bb53b-51d3-4cc9-a230-d2ba850c2b17,5097.0
8123e4f0-1996-406e-bcfc-320a859e63bd,5097.0
0aa9aaa3-f532-4c07-a85f-47ae5fda7bc0,5097.0
a266bda8-32e9-4cd9-b131-a5c28b9b1997,5097.0
58b9da8e-0907-4a6f-8415-b6554f9dc0c8,5097.0
8b9859c6-dc08-44fc-84df-a28f8892ba35,5097.0
ff8138db-66aa-423e-8ab6-2ad2033abbc5,5097.0
ab72e03f-9696-48fd-b9e1-314a59462c43,5097.0
d7e51a9e-cc0d-47dd-b37b-36b0e4f8cbbd,5097.0
8e4f6bc1-7de8-41fb-bf17-cb24f591d922,5097.0
34c3cc3f-0711-4997-b6ad-7a52d656860b,5097.0
87118049-616d-4a73-b3c6-6802419506c1,5097.0
b1d88b30-69e8-4950-9c7a-b0e5d541d8bd,5097.0
ac858353-44c1-498b-be75-1656f3954b4b,5097.0
e7749a28-731d-48ea-9a8a-ebba9a113fab,5097.0
0333e963-ab92-45f7-b8bb-0a4f023db65a,5097.0
222de15e-7c97-4421-8409-109c2bd456ea,5097.0
daa1b1b4-2907-4378-b1f5-6f155215a3a1,3098.0
900c2f12-d607-4f5e-b382-0a344483fcfc,3098.0
1a6e3423-fb53-43c1-bddf-492198836d63,3098.0
0901d6fe-a8ba-4e7b-bc56-eec907151d4a,3098.0
f67ff090-1a01-4021-95c3-940ccfd2cb1c,3098.0
c96b3c25-d884-4d9f-8823-beb8b63f0a12,3098.0
d42e21b0-fd21-49e2-8417-c5c21de74933,3098.0
b9a6bef7-febb-47b2-89a3-c4b06146e9b0,3098.0
316fd089-1299-4723-b09e-41795b30e33f,3098.0
d023a84d-73a0-4494-810c-7e3a5c5f58d7,3098.0
c14e4a41-1e17-4cb8-bd98-027201104439,3098.0
979bcfdc-1539-40fc-8aad-a5a89b8e1a8e,3098.0
357c4efd-461d-4abe-8f7b-bd8618528c05,3098.0
4ac4b01c-c4ff-40cf-8d8b-60ce89ca803a,3098.0
dcde2a51-2bd9-416e-b343-87e44b8f69cc,3098.0
05d756c4-e4a5-4a25-9fb2-a08d5c0ba745,3098.0
1063ea60-c701-4971-b557-b759212fe09a,3098.0
cf525042-ff17-475d-977b-8714b14ab29e,6196.0
ab3df213-8719-4fb9-8e5b-4735b3b58cdf,5097.0
1b555370-a6fd-471c-a8c9-a8386b254a9b,5097.0
f050bc2e-ac56-4d5b-83d0-e5ab02983b4f,5097.0
8a682786-3f24-4977-90ce-859c32b34af8,5097.0
dc12972f-e499-4d7e-b00a-12df91c72441,5097.0
c4890b99-5766-4d40-8fe1-468c4413e6b9,5097.0
d55101cd-7f49-44da-b7c4-2fa45db08779,5097.0
da2a7e1c-2ef9-4599-8ceb-6b5538ae9be6,5097.0
83827cc6-db6c-4021-ad48-494d56ce2104,5097.0
bc1bafb0-3f91-48d8-81c0-ca2c5656929d,5097.0
50192dbd-cc56-4c0e-ba3e-a4f05eed365e,5097.0
db80096d-25bf-42ee-b057-ed099eecd899,5097.0
07008285-a40a-46a2-9a28-cb043eb16cfd,5097.0
e4d3ba8c-5484-49ff-ba99-c3b5dc7896b2,5097.0
39cb726f-4710-43ca-bb3a-aee7ed74a2ad,5097.0
9feaa40f-1d83-422f-9c5b-5015eaed2906,3098.0
af47ec9f-d1b9-4952-bd11-018c0cf11a2d,3098.0
5fb8a25e-9c8c-4fbd-a3cf-7c48b907eb10,3098.0
c6d4742b-66c3-4a7d-aaea-e675400c320f,3098.0
3e19539a-5540-4214-a85a-7e24f0b0f55b,3098.0
09eb027d-0dee-4569-a6d9-ea93fcf96425,5097.0
57a9d53f-4e3c-4def-a206-33015b37955b,5097.0
f046f769-ddde-4143-976a-fa4513a22ce7,5097.0
765eba62-98ba-4a4a-acae-43be81c163cc,5097.0
220a961b-04d6-41ea-a31e-660f6411a612,7096.0
ad81f304-2d16-4262-a0a9-821e5172843d,7096.0
31ded45f-67db-4b62-8cef-f2a978f752bf,7096.0
5e4dee93-3731-436b-9cca-6df51facea1a,7096.0
a2dfc596-de25-485d-86ef-5e853cf5da49,7096.0
fa8cab1b-3720-4d23-bf43-76495a05cba7,7096.0
304addfe-3fbc-440f-b555-10f6cef1be99,7096.0
7e415fa5-fd68-4536-affb-6a2fbdc6444d,7096.0
41b71356-0187-4b41-aa86-665b21b51951,7096.0
cc42169f-99e6-4ea1-858f-1dbd9d2b3656,7096.0
d71f9602-298d-4e7d-90b9-039b93fa2221,7096.0
b70b2856-761d-4de8-851b-42aaf58eb3ce,7096.0
b3f3647e-c483-48fa-9333-a0b8f690158c,7096.0
a5c9f307-1801-4863-ba7b-30b934405d5a,7096.0
b2607cf3-691a-4756-91d4-760b87acc762,7096.0
ae84600d-10fd-46e5-b199-401b2d595508,7096.0
71ce1cab-4f67-44f5-984b-b1038f42eae4,7096.0
cd3235ab-c5aa-44f7-b38d-4389afda976a,7096.0
57e2927a-0dae-49ad-a3e4-4ed2c6fb32a5,7096.0
eb2bb3e3-3b4d-4eed-b26d-74eb58baf5f3,7096.0
94f8f12c-d5ab-47d8-876e-51a108fd1adf,7096.0
e431fcc2-31e6-4b37-9c36-95dd38672b7d,7096.0
6ecadd63-28c4-4b17-8632-368fd5510390,7096.0
f1ad78e0-f4df-4773-aeb5-059ee08de4df,7096.0
3b5e0865-ee9d-46ae-971d-cd5e60231099,7096.0
0dae92a8-6d3a-40b5-92ee-808b0175e2cc,7096.0
68f786b9-6c73-48ce-9b43-badc317de16c,14192.0
a09a1b84-6540-4e92-8709-1a185035b228,7096.0
845f258e-964c-49b3-9240-840282f6b1e3,7096.0
a8a60ab3-db92-4b66-92aa-efcf17ed5741,7096.0
0202071a-0ee0-45bb-81f6-df14b611717a,7096.0
22e91f5e-1221-40d0-8ee7-968fe3e7c770,7096.0
d15faf0b-6b80-4553-bc5a-f28c179fa2dd,7096.0
b3a1a828-c4e7-4407-969c-72ce1989b5de,5097.0
68b3c450-7628-41f2-aab2-95f9d9f79740,5097.0
63938ac6-bd27-4a26-827f-166cd9292015,5097.0
7a4b4a0c-605d-44d9-8915-cfbdb2529af4,3098.0
2c26386f-5a0c-48a9-a48d-3054132ea412,5097.0
d22d2ea6-dedd-4d58-987b-3ab3b7614a86,3098.0
b8aea8dc-50ae-4a6c-ac26-2da4abbc2cc1,3098.0
c30e4a6f-71db-4132-a833-b8049459151f,5097.0
a557e61d-6fbe-41ce-a9fe-e124530fde00,5097.0
1c0b8d4e-6b42-48f7-acdd-5841b8f02bae,5097.0
66dfd8a4-6641-41a0-a030-12b124fca6f7,7096.0
e756ebed-956e-4a22-a5dd-94e7a038089b,7096.0
44a4886f-aaab-40e0-8e94-bea73d5f0f79,7096.0
f5fff7e1-4829-4e9f-9f61-78fb90c40e3e,7096.0
6eda93a4-e16b-4c7b-8e4b-218fd00a81c0,7096.0
db064b35-ee09-4a03-a0d4-2b39c1a43f42,7096.0
492e661d-e269-4755-bf12-8741f0746d35,7096.0
4700f29f-6a59-472b-871e-221d9192492b,7096.0
0289ebfa-24d0-4c06-941d-87d3389cefd8,7096.0
16249452-d095-4ff6-a467-b87945b320b3,7096.0
47b41ce0-2c81-4100-92fb-2e42d9dcbcb2,7096.0
1c308db5-caa6-437d-b7d6-a4f258de8838,14192.0
e191742c-cbcf-4a38-95eb-4be4d968227e,7096.0
70f6717a-a59e-497f-96ef-c3a4b209a86d,7096.0
ed8e9a3d-a33b-4083-a78a-cf98409ed588,9095.0
494d94b0-7c28-40e3-8f41-fe5f311a31a8,9095.0
7cdd634a-6072-4d9b-9410-b4f6f6c2c617,9095.0
6daa628a-0a89-4303-acbd-a8f412ffa209,9095.0
6bde66d9-7432-4ba2-969b-9a510c4d3b2e,9095.0
c4f0eefd-87c4-4a89-bce5-70dc101a210a,9095.0
e556738d-a0bf-4b9b-8922-e2b6603d2cfc,9095.0
65965391-42a1-402f-94ff-6c21a36aeb8a,18190.0
fed0c4b9-b03f-4c8b-ad16-da14ecab25b0,7096.0
e0805d49-eb43-4810-972f-dd13b575c69b,14192.0
67afc611-c2ee-4ca1-8413-8d68487cd74e,7096.0
3165e157-49ca-4b05-acaa-4e61bd062f12,7096.0
78df67b3-9e9d-469b-ba4a-a2ba8c76339e,10194.0
ae1ed399-6971-4fbc-95c3-1117e2f34b30,5097.0
57f73b5d-6223-49c5-a5be-ef1d0e7b6db0,5097.0
9c13c7e8-8f19-4cc1-97e5-f9a09abab0d9,7096.0
cb0bd276-b0b8-4764-88c6-845f31957d99,7096.0
0b396d18-e13a-4d06-bade-9b9048da4b0f,7096.0
9c8b9264-36e7-4c79-be4c-d3937a00499d,9095.0
b74ba5e0-3f1b-4cc2-a247-139d719502fe,18190.0
7a4e6b74-73ff-4345-bdbb-2f6d34f03f18,22188.0
87fbb7df-6114-4e42-9eac-80f4fd73c2e3,22188.0
4c0de5d1-5444-48c9-b4bb-6752f5e44a49,22188.0
7e7eb8db-5c35-4dbb-8760-aefb981d09ec,22188.0
3680c0ef-3360-44d4-a488-1f3bab0ff73e,22188.0
bca748f3-04f4-4421-b90f-4bcdf3a9777d,22188.0
3c20ffe8-bf98-4388-bc06-3c36a12570f5,22188.0
d56d506e-b279-4c85-b5ae-103ebc95e310,22188.0
cbcaa260-d88f-4c4e-9518-5735e49ebc27,22188.0
83b72138-068e-427d-a9e6-949d55e9836d,22188.0
c5aaeae0-eb0b-46a4-bb11-7bb8e7f00fd4,22188.0
8f4cff92-b40e-4561-a599-84f0fd01a483,22188.0
75d54698-4573-41b3-851e-2559581aad11,22188.0
25e16a60-1ddf-4c6f-9694-dabca77720b8,22188.0
920bd640-a20d-4431-aeaf-e257b731a347,22188.0
1e9953f8-7449-4ef8-ae39-d8f9305971e0,22188.0
206ace55-bcc9-4845-add9-575e19db2068,22188.0
7d400915-525f-46fe-ba1b-41f9fe99613c,22188.0
92a1eb95-ebc4-4508-a64d-62bcce4c902d,22188.0
b6fc5728-d7b9-4424-b8df-ad2e64975998,22188.0
75592e60-3da8-4df7-af7d-12282e10a449,22188.0
128b94ed-f27b-4c4e-8dc9-2a8d2dd5f438,22188.0
9477fb4c-8112-41f0-9d27-54d2ebad3626,11094.0
47974dfa-6668-4357-adcd-24d161b11782,22188.0
7c561075-aed3-4784-bfc1-158b285ded51,22188.0
c2468591-6df6-4363-8be3-672074123fd8,22188.0
7d6fb366-406e-4999-bb12-6220248e0d80,22188.0
f8167938-2069-4715-9200-68bab482a987,11094.0
25e5d668-e3fc-4f2d-8acf-99dca0c71992,22188.0
bb0d9b38-f0ee-4dd5-9d4b-492470d92655,22188.0
124b4e82-a2ae-49dc-84f5-110e3cf511e0,22188.0
b16ce4c1-1d16-4bd1-8d1d-ab037a4e8241,22188.0
12c63844-e741-4784-8b16-5fad67d5e1d7,22188.0
94865b08-ed1c-4144-9c06-73710a823cf5,22188.0
ab8a7785-3419-4e7e-84ae-56fd2dcd3be8,22188.0
a9e4d641-8908-4d3d-95f6-5377ca3b2633,22188.0
2536a858-7bf2-4885-8fd8-6a44dfb244ae,22188.0
a4ce0d40-3544-45b1-b9f3-72b35d62b3f3,22188.0
15181518-545e-446f-8b2e-96cd1d1dab77,11094.0
246bf24d-37ea-432e-978b-9c1a89b0bee3,22188.0
790be43f-98a3-4f57-b728-ab1ab08ddb00,22188.0
f1426752-f9ee-401e-97a2-e02dead9e1cb,22188.0
58622a65-b910-4f08-bb5d-ac1c4e73bbef,22188.0
b61b0eda-a668-47d8-9e5b-267996867007,22188.0
77082960-050a-4e87-8648-d71cc8568ef9,11094.0
7acdc8f2-e1bc-41c6-932f-73155a4b2dbc,22188.0
b5ea6557-8c1a-4548-8d74-c1372545650b,22188.0
147caad2-b8be-4a3c-a8c0-54569d47ee58,22188.0
2156b608-2b6b-47fa-90df-a21b38349767,22188.0
d7ea296f-56f1-4aaf-b1ca-846c5f654c02,22188.0
c345feb2-5282-4266-8bf1-a5874ce0e431,22188.0
56b9a597-913c-4959-82de-5f8a85d4bb41,22188.0
7d9206cc-a263-4653-80ac-32c716c25ac9,22188.0
63c692e3-7ae8-491c-82fb-08f10f5f7be8,33282.0
93cc2261-7e5b-40fc-a8af-2453322aabe5,33282.0
4e77efc9-09e8-4ac1-a9a8-913e584db361,22188.0
02292ba9-d8cb-45be-a709-fb00fedd7712,22188.0
218f9c1b-9764-4f9c-a7a8-3597a0f0e5dd,14192.0
3af0ee13-658c-4526-a668-331804e0d2ed,18190.0
15c913a2-5aa7-409c-8218-7751c2b5c851,9095.0
ff9ef70d-5112-4c52-89ef-0183e1c16ab4,9095.0
77792bd8-f3a4-405d-bd57-e5cab4c6a326,9095.0
272aaf98-9e75-464a-9880-7895f534240b,9095.0
cf69d98e-74e5-41f7-9017-e6c405ec011b,9095.0
ab4742e1-3fbc-4027-88de-ee1e91208827,9095.0
82e33e9d-6680-4aaa-9fd3-be456ece2ff7,18190.0
25c148a1-f236-4a71-a451-38fcc4a4cd0a,22188.0
7b1ed0ed-725d-4411-903f-49a99c3fec23,22188.0
6c7a8609-bd1d-4ccc-896a-989d0a81b41c,22188.0
44ec1461-0ec6-4121-9423-f43c39c4f83a,22188.0
ef6a72ae-809e-4b36-930d-55ba72d5677e,22188.0
ac9f105d-821e-4134-ab79-83edcfc2aaf3,22188.0
af0f5002-4ea0-4c1b-9a6e-b5ec6e5e6ac6,22188.0
48e1c68f-c431-444c-8e29-b0db0b0b955a,22188.0
f6f970fa-b53c-4db1-b6cd-f11dd3ab1a1c,22188.0
e72b6b13-90ec-48cd-9776-fea25c443116,11094.0
20b3e1fc-4248-47dc-8367-113ce4433045,22188.0
42e19221-5b1a-4408-8bc0-6cffdd6bc78b,22188.0
700834fb-7fd7-45a0-9d88-faa926c9d31a,22188.0
21162faa-60f6-4711-a56c-089c3a4954e4,22188.0
8fa11266-c8a0-4983-b6f1-1fda79ae9011,22188.0
6405794e-2e16-4fc3-9978-992b1b417a51,22188.0
b4b25642-7ff2-46a2-83d5-cd2ded685bf5,22188.0
5c0f5be8-f3dd-4392-8fe6-250aaa76d767,18190.0
7fb68b99-dc83-4786-a9e6-008886fe9066,18190.0
71c885f5-14a4-4579-918f-6260e19789bc,18190.0
42b60d30-f972-4cf2-b89f-5ff0b6fb83ab,26186.02
ce13423d-8b7a-4cd9-a112-0445224a99c0,26186.02
7a0705cc-758e-454b-a492-85afc65385ba,26186.02
ec88dbaf-9792-47d4-960b-1bf760241cda,26186.02
102bae2a-d0e4-470b-a6df-62db638def57,26186.02
2c3458af-90e6-4c61-9bb4-5c08d5380171,26186.02
ff1c211f-20b9-4437-aeef-3b0bf6ae31ec,26186.02
3014bfd3-2a95-4489-8e77-d49d80b2bcc0,26186.02
c3641bd9-956b-435d-a5a7-404dff4b0013,26186.02
68dfcaa1-57b7-4b89-bc23-671c1e217186,26186.02
9741ae67-8925-498e-a754-197d23311a0c,26186.02
4175519c-e22f-4f50-88fd-b93b9c2aae2f,26186.02
9fbceebf-7d02-4845-a025-4720a3c35e77,26186.02
be03870b-2bb3-4464-b5ab-3e96f761b252,26186.02
6a3356bf-16bf-4d3b-9ba4-ba49e32f6337,26186.02
b2d0a8ef-9d2f-4f45-a2e8-b84d08fae666,26186.02
a7e37e2a-10a3-46ae-88e3-fe768e0d3531,26186.02
4e3b7116-efc1-431d-aeb0-db04cc966219,26186.02
f36af1b9-bc72-4202-afe5-a6b370aecde2,26186.02
3795c0c1-8ba7-4920-a552-a5b8fa9f6a16,26186.02
dcea464e-84bb-4cd7-92be-670de19e17c0,26186.02
a649f0a8-d40a-436a-9b95-c16f182c8880,26186.02
0ca224b9-4b2f-430a-9426-5a203388a2d4,26186.02
3e16d9df-f837-4431-bdad-6d9066d27862,26186.02
c160f3bb-f477-45c2-858c-1aa17fed8595,26186.02
1c712f3b-1223-4f6f-be90-a29707515c15,26186.02
9fadd4c5-f083-4d8a-913a-bb5abf7c9539,26186.02
7f83f238-cb5a-419d-be66-61754b00bc17,26186.02
16c3982d-2127-4727-a310-3948621128cb,26186.02
ce2cee4f-bd4b-45c2-93b2-025fa1b37355,26186.02
0d6d6e2a-1d1b-426e-b11e-c11920aa8614,26186.02
c528c551-c10b-460e-9f68-c5040e9f5814,26186.02
4e5955b1-5c63-4e83-88ec-75f4a7cd7069,26186.02
debae8a4-33ed-4677-b32f-9758675154d1,26186.02
7be8f7fc-d8d5-4346-9636-cbf3ec74bfee,26186.02
fac7ec92-fe2e-4043-aab6-e4867e337df3,26186.02
3bc522c2-8d66-4eb7-8566-f5b4a7ff37a7,26186.02
80db8f4c-7533-4f45-af62-50e24105b963,26186.02
273a1bf8-b22f-4d2c-b6c4-6c1947c80120,26186.02
5a25065b-3ea2-469c-80b9-5e8ac0c0ab3e,26186.02
a199dd0c-f5c2-4d82-9411-9d1b74daeea8,26186.02
9d9c8382-73fe-4c76-b5b4-a62bf7c060a2,26186.02
002c20a7-67b1-4c87-ba48-3e0e16814738,26186.02
0d58468c-d37c-4b65-89b6-88fb2f9195c6,26186.02
20039879-03a2-4fc0-bdfa-f45211a922a9,26186.02
dc592b73-60bd-4293-8f7c-63988b54c57c,26186.02
846fd0df-47a7-4f7b-911a-ff8e4d77eda3,18190.0
a7262fdd-1546-41a5-b772-08d38d33f096,22188.0
19be660d-e71f-44b2-97d0-ed89fe1fd5dc,26186.02
f8e0d2ec-fced-42c2-97bb-6fbeb7cd2fbf,26186.02
7eeafaef-5307-44f8-b2e2-08e3e1b3a650,26186.02
af684633-8c92-4b68-b6ec-c72a2e83c215,26186.02
eba0006c-1371-4588-bdb4-8a61901e2f67,26186.02
8f2180b1-7b0a-4068-b723-6a36f5fe9ad2,26186.02
06f4fdf5-4b9e-4273-876b-3d32873f1d2f,30184.0
033caa97-042f-4a24-9b38-c892e783215e,30184.0
b089cb89-f930-484c-bb91-a1aab16665a0,30184.0
4ce978c0-abe5-4db5-ae4c-68b6e845ab5a,30184.0
4524a878-aa71-4750-9cf2-b5359c3561eb,30184.0
eac58cb5-4369-45b9-bd0a-cfd9c50ddca6,30184.0
98d76586-625c-4334-b380-93469d4f238c,30184.0
71fee6c6-0196-44f1-9a7d-096536864d71,30184.0
a71ea71b-9805-4fee-a854-c051dab03719,30184.0
c0ade391-934f-4325-95b5-73b87896183a,30184.0
28c66cbc-5183-4ef8-bf9e-5efc04342f6b,30184.0
602a3177-6f87-4c90-aa30-2a0bdde81a46,30184.0
65c1612b-0e06-463b-9ddb-df2602eaf409,30184.0
07230dd8-fef4-44b8-b078-aec7bcb2e4b2,30184.0
deaec725-c08b-434f-9aec-660ac2cb601c,30184.0
dd7cafdd-770c-48d2-a768-5664d72ce957,30184.0
ca42ccd0-5d91-43fa-9238-ee2cbb2d969e,30184.0
9335c991-d17e-4a3e-a539-4f2489512720,30184.0
7bc875e0-aab8-4d2b-9d19-1a3ce9f9ede3,30184.0
5d251f10-53ff-42c7-b70e-f2e08029cbfe,30184.0
c30588ff-ea5c-4ee9-b529-57b43dd1da46,30184.0
19f805ce-f072-40c2-8fc1-062962832ad5,30184.0
769151e7-6b6a-4484-b7b0-5b81fd2b9e97,30184.0
5d4108a9-3651-4db3-9dfe-509e37fb5195,30184.0
2709deb8-4ca2-4897-95f4-da6ce215dc85,30184.0
96cea89b-5e86-4406-8ac8-86ca43d25163,30184.0
62aa975b-549f-4e99-a536-65fa123646c8,30184.0
174f3466-b265-4011-b0d6-a60b34b7b3bd,30184.0
b694a34a-fb11-4f30-91c7-af68b209b443,30184.0
0dd8bdb9-1de3-42f3-b90c-e06d9582c0d1,30184.0
5ccc8c6f-34ff-4278-8023-a2cce4920280,30184.0
14e09448-c236-4a00-9e45-9811fdd73185,30184.0
cfd3f321-54f3-4a0a-8ab8-4d813346f1a0,30184.0
33ecdf0b-af89-4cc6-94c2-9862b3b711a2,30184.0
0cdd6be2-66ca-4b5b-ab09-f37085014e85,30184.0
22259b36-bc50-4f8e-a8ec-ca4139240e4c,30184.0
9b259385-395c-4d63-b651-3ca4903a84c6,30184.0
12864a63-402f-4e60-8032-7fbf424d5962,30184.0
cf17255e-58fa-41fe-b0d6-b0030c2cc311,30184.0
8916ad3c-8965-4ab4-80dd-43e166cbf816,30184.0
76f6521e-ed6f-436e-bfff-b17d1798a4c7,30184.0
742e6f1a-9c21-43fa-9827-a2d89bdd694b,26186.02
acb6942a-ada4-4fab-a304-0ed276cc780c,13093.01
0f45a46f-e9b0-4f21-8228-68a6916f4bca,26186.02
a7c577e8-403a-467b-bf3c-672c08628677,26186.02
b54b4463-66cd-4d9a-b271-297837b04dcf,26186.02
dd6ea89a-cf87-4228-9785-d8b02096e1ed,30184.0
36045dbc-e831-45d2-9273-196164bac622,30184.0
70bf6d0a-802e-46c2-a84d-5f23772f187f,30184.0
8661785d-b60b-4ad9-97f1-2cb53f727a6c,30184.0
891ee968-2c0b-4ffe-80aa-b5d2a8b25f3c,30184.0
e8f9779a-89f5-4bf5-929f-2edf2018454e,30184.0
5d28bc73-1299-4ebf-a4bf-f72148317ff7,30184.0
25da6f72-debc-4a6c-9a02-0375c54a15d4,30184.0
d427908a-6d8f-421e-984c-9206b8da5f88,30184.0
15aa4f3a-c0db-4642-86f4-9bdd89295dd7,30184.0
dd80ebd2-beca-4b96-a6d8-06f8db6ddc4f,30184.0
90d572bf-0784-46a1-bbfe-7610d0193444,30184.0
9bb45b5b-6be1-49dd-a1e7-fa17db39ab9e,26186.02
56d6517f-9b50-443c-a967-adefec96e661,26186.02
0960801f-4647-4ba1-a3d2-976a6cddf675,34182.0
082f7060-dc89-40d8-a328-e39b633875e5,34182.0
0645ff08-51bb-4be0-bac2-ff4d5de429f8,34182.0
35509b36-6033-4b3d-8c6d-0f8afde84626,34182.0
1eef0098-9b38-473a-bc2d-89e854b25f7e,34182.0
a6f132b5-96c0-4832-ace5-1e4de4f8cb5e,34182.0
142a6c9f-d4c0-4e13-935e-94ac535ed62d,34182.0
a4290910-b1da-49da-a773-7bc60fbcf5d1,34182.0
ec8d11f7-6f79-4199-ba15-d2a3361641a9,34182.0
42a4371b-88ab-4879-8cf7-948f0e8e12fc,34182.0
c7269228-b738-41f3-b95c-2088eda4b3f0,34182.0
a7d22ca3-eb39-4566-afa5-d979b2722563,34182.0
ce3bca77-9b06-4cbd-bb59-f4f3244f28b4,34182.0
e6a39f2a-99bf-4c5d-8834-dbdff0e57015,34182.0
be06f6e1-c558-4e8c-ba64-af150d5791c1,34182.0
a77f892e-7389-44ca-a3d4-5eb967d1625b,34182.0
d786f991-1ae2-4f2a-8649-1fb52a064770,34182.0
df0cae7b-ee41-4fb4-9663-89bbef46575d,34182.0
33ba9a2a-75d8-4393-8320-34b67a95c41c,34182.0
f99c6c36-7a80-445c-a824-dd71f5cd8f8e,34182.0
5384f273-0264-446b-b4b7-aa1e16b384bc,34182.0
24e749b2-41bd-4167-9d4f-5ca7c8bb3a99,34182.0
b67f472d-f090-4b79-afb6-c5a9d690f2ed,34182.0
bbf9fcf1-f5ff-4bc8-9dbe-616f0a893846,34182.0
381b574e-988c-4db4-bc5e-954f7ae13092,34182.0
6980708d-e99e-4b63-b3d1-236756e05b45,34182.0
19bcba0f-7cbb-45d7-ade6-19497282135f,34182.0
c1834631-1be6-436f-abef-afde2ab93664,34182.0
df6df5b5-19f5-4dbe-bdc8-9a605921466b,34182.0
de3f8468-4b70-45f4-8e69-594bffd56951,34182.0
c600368e-de77-483a-9915-af6301ec75a1,34182.0
53f7089f-7bd3-4e2c-82e4-3e80d535eee9,34182.0
0c9ec90b-2bd0-4e24-b4aa-56cc0361d257,34182.0
bc4c8b25-147e-4ceb-a5d5-b39dd6e9ba38,34182.0
b9cddd64-8b21-4bbe-aee2-3b28b21fe945,34182.0
3551cb4d-35a0-4682-9cb1-09868b6f9ef0,34182.0
be2b7f5a-e85b-4123-8b5b-9c70bdb935e0,34182.0
4ef8aa7a-0f6c-475d-ba64-6af367a7bc38,34182.0
08abfe39-0e1f-437f-bc94-ee4655530ec5,34182.0
d5cf4eeb-16bf-4593-880e-8bf2c6908613,34182.0
95d46f0f-9c29-47c0-a562-472aa03cff48,34182.0
504d9523-74d8-4f44-83c8-f47b4683fa1e,34182.0
7afb4cf0-5e01-4ef6-8eed-657971d8f48a,34182.0
1b0c4218-674f-4f64-b216-f008528adc48,34182.0
48df7a98-82ab-4010-b3db-4c19b0aed8a6,34182.0
04bda4e1-0065-4114-ab20-cdad8182eb27,34182.0
f302e741-9891-4024-8dfc-23296ace353c,34182.0
444325a0-5466-48c5-9606-0031f4b29ab8,34182.0
245df89c-4bdc-44ab-94f6-11c1c870fcc3,34182.0
07cae1d7-91fb-49e9-a6d1-3a97c8b59a79,34182.0
18451005-f44f-4998-abe1-18715288b133,34182.0
1e87365e-1e36-4291-9097-e2621af9567c,34182.0
8d1ee935-f172-41f6-933a-110bbf949e36,34182.0
542dbb39-7fbd-43a9-ad32-bb302d244111,34182.0
6e753e7b-209e-413b-ab68-d293c70d06e5,34182.0
114a46d9-5ee5-42e4-9f85-ca463824b36b,34182.0
561ed6a2-c5fc-4b16-aa5b-0e1550e8d21e,34182.0
cbcd33dd-2a8e-4799-9c3a-1c4ccaa42a71,34182.0
58234640-49ab-430e-a1c9-299d8b2147f9,34182.0
47316c1d-ac6c-4e75-a348-4c3554554d5a,51273.0
79ef8d9b-5e50-4e41-b462-c6642fad22ac,51273.0
860c40a8-bde8-4daf-9121-0b872c346d2f,34182.0
64a89f93-8096-408b-afba-afbf73e21ddb,30184.0
cfd31042-a695-4395-bfb3-d586234958e9,30184.0
27a19052-3c92-4b37-95fd-1eecdb189bc9,26186.02
5b5ee213-82cb-471d-8df2-bbe5c6ddae9d,15092.0
859e216a-9efc-4e15-b43b-ff307c10658a,15092.0
a4430316-d457-4f5a-98a2-c0f0021c40a4,15092.0
c455fc2d-3975-44cb-b09c-885fed99bcab,30184.0
909028d1-3ac8-49a2-84aa-65a21d56da96,34182.0
a2274004-f750-4af6-90a2-8af04715b495,34182.0
aab70302-7113-4423-8d9f-410af52c32da,34182.0
a752e3a8-7fb1-4007-9a70-7629c95fa320,34182.0
21e0d360-f083-4aed-a972-a9331a83274b,34182.0
d2cb72c0-577c-4670-b2e3-714bc951ed57,34182.0
43759b6c-6982-4cdc-9895-0f0204088df0,34182.0
8762d57d-8d9e-4806-8070-71337f6c9f6f,34182.0
f40cdca6-97f4-47f7-9575-027e8bf9c726,34182.0
fff177c4-f1c3-48d2-8e01-a33e2eb046e1,34182.0
91051e9b-ac97-4a5f-b547-7aded5178ffa,34182.0
d0d79791-4547-45f2-b22b-65671d582eb6,34182.0
f2d7bfa5-963d-4af5-8c85-b9ff3f8aa874,34182.0
cf5d5ccc-3aae-44a5-a1ba-16df33bd08ed,34182.0
e7f4d40d-6576-4172-ac72-e051509f2984,34182.0
386f9c77-e02d-441c-be0c-f694c51bdc73,34182.0
00d872e8-2e68-4cc2-a9a0-fa987ac69247,38180.0
9b121477-bf3c-47d8-ba34-0af6558b1b14,38180.0
4c8b15c7-f2af-42fa-8ffa-81e87508967b,38180.0
71878ecf-bade-41d8-ab54-344213279448,38180.0
227371ec-f9bb-4647-b625-40545901fd5f,38180.0
6ffdf8d5-46a0-4c70-a181-8e7a3cb03709,38180.0
62af057c-b716-4760-9c84-ec92d6395800,57270.0
ef52ce47-3f8c-413f-95d7-dc372928266e,38180.0
559558f1-abad-48a4-88ec-0e9d169b819d,57270.0
15d37721-299f-4faf-a2bf-c23939c42d40,57270.0
c02679a2-21b0-400b-a428-7c4f3fb1e89e,38180.0
5720f7a1-6767-467b-af54-503fc9b37e21,57270.0
96493a24-c0c2-49f3-b00b-070370b9695c,38180.0
5c2813c3-1111-4d96-935d-e6dc3cbb75f3,38180.0
5f55df54-6b3b-4752-a513-74ed622f1972,38180.0
2573f18b-1bda-45b3-b034-6f165ebb3c37,38180.0
58804fed-6720-4a54-9f68-a1339d9ec764,38180.0
067feac7-4871-4472-bb24-f9c81f5f6f86,38180.0
15789c00-ee48-4634-abcf-3ef1cd44acf1,57270.0
b6bbf585-52de-419e-be4b-86c082202087,57270.0
32664cba-95ba-40e1-8d48-54c03bc814c6,38180.0
c1cb1b66-e5d2-4c15-ad25-e39ff75c0d5c,38180.0
0100dc72-d68c-4247-aee1-560757deaba6,38180.0
1b8ddd63-5830-4f50-a2de-5f969ee53f26,38180.0
31e50078-0aa6-402c-9238-9d878bb4bc8c,57270.0
bc4a1b78-f668-4729-9fae-86c15eb05473,57270.0
dbaf4bd1-358a-4371-a684-833edae26407,57270.0
b943a8c0-46e3-4fb6-9d30-5f347fddc624,38180.0
f70afcbd-7f5b-4ecc-a6f9-cb7ccae3d571,57270.0
7df48735-eb56-4d0a-8371-6643d74f0b70,38180.0
b480de04-d54e-4bac-a857-5c62047307e3,38180.0
9db706ae-e49b-4003-aef8-7f2b4ccbc6c0,38180.0
fec94fed-fced-434b-903d-18cdfd5ace62,57270.0
af33835b-9228-42d5-af18-d6f22ae3b318,38180.0
73584755-b822-451d-ba06-d41dfe2573c6,57270.0
19d25d02-6c5e-469f-9c91-e0e2fb40be73,38180.0
756006ae-ffab-4709-b4df-1980c6c849d4,38180.0
a6b3b356-e0d3-4ece-8ffa-ff5a34e6ada9,38180.0
400d6cff-075d-4635-90d6-5fffecfd526a,57270.0
5173245d-846f-4bfe-aa8a-b45ccc7e0c85,38180.0
1029bd65-7059-47e6-a780-38aacfe44314,57270.0
c0071e73-720b-4c0f-9b68-7dd8afe83d7e,38180.0
19811459-533a-4f48-81d5-4369f476f593,38180.0
adf62ea5-20db-4b37-a892-a054a2c55392,38180.0
e6b6b1b8-acfc-4a63-ac66-fd4f9675eac2,38180.0
68af9587-9f17-4b25-97ac-bca94179e336,57270.0
1e892d23-9471-4756-820f-bf69c4bb2f4c,38180.0
b31b6cd4-ecdb-4160-94a7-8deb3c0af1f9,57270.0
bfeafab8-e629-4037-b9d8-471afba03cbb,38180.0
520308cc-96c8-4930-8230-4958ab643d6f,38180.0
a0a941d4-6607-486e-a625-f809152612a4,38180.0
03ac8ee2-5adf-4ae6-b3fa-e631acea748a,38180.0
d986e204-cbf4-4287-9444-79edc4122342,38180.0